{"accuracy": [0.20034141838550568, 0.35099223256111145, 0.4111814498901367, 0.44478270411491394, 0.4641297459602356, 0.48053205013275146, 0.49050429463386536, 0.49993598461151123, 0.5065509676933289, 0.5097517371177673], "loss": [3.0446362495422363, 2.2877211570739746, 2.0500993728637695, 1.920830488204956, 1.8449585437774658, 1.7913811206817627, 1.752807378768921, 1.7193735837936401, 1.695098638534546, 1.6816186904907227], "val_accuracy": [0.3914181590080261, 0.46226951479911804, 0.49180513620376587, 0.5112110376358032, 0.5263487100601196, 0.5380150079727173, 0.545128583908081, 0.5494536757469177, 0.5531527400016785, 0.5579899549484253], "val_loss": [2.189624547958374, 1.9253637790679932, 1.8005427122116089, 1.722720742225647, 1.6679497957229614, 1.6325021982192993, 1.6011178493499756, 1.5784817934036255, 1.5632058382034302, 1.5462852716445923]}